{"K": [[1156.9403443832261, 0.0, 665.9486012258485], [0.0, 1152.1386884528424, 388.7851793565866], [0.0, 0.0, 1.0]], "dist": [[-0.23763662700101806, -0.08541286044053599, -0.0007909561937466715, -0.00011590854951119953, 0.10574115841665302]]}